Data,Horário Coleta,Estação,Tempo atm.,Local de coleta,Sub-família,Tribo,Gênero,Spp. de abelha,Sexo,n° do indivíduo,Código p/ área,Comp/larg (mm) do vis.,Spp. da flor,Família da planta,Outro lugar coletado,Cor da flor,Mácula da flor,Simetria floral,Guia de Néctar visível,Aroma,Recurso coletado,Polinizador,Outro visitante
03/02/23,9:26,Verão,Sol,PNMSM (SEDE),Apinae,Osirini,Osiris,Osiris variegatus,,1,A3,,Maranta leuconeura,Marantaceae,,Branca,Lilás,Assimétrica,,Não,Néctar,Sim,
03/02/23,09:37,Verão,Sol,PNMSM (SEDE),Apinae,Osirini,Osiris,Osiris sp.2,,2,A4,,Maranta leuconeura,Marantaceae,,Branca,Lilás,Assimétrica,,Não,Néctar,Sim,
10/02/23,8:50,Verão,Sol,PNMSM (SEDE),Apinae,Osirini,Osiris,Osiris variegatus,,3,A5,,Maranta leuconeura,Marantaceae,,Branca,Lilás,Assimétrica,,Não,Néctar,Sim,
17/03/23,08:11,Verão,Sol,PNMSM (SEDE),Apinae,Osirini,Osiris,Osiris variegatus,,4,A7,,Maranta cristata,Marantaceae,,Branca,Lilás,Assimétrica,,Não,Néctar,Sim,
17/03/23,8:31,Verão,Sol,PNMSM (SEDE),Apinae,Osirini,Osiris,Osiris variegatus,,5,A8,,Maranta cristata,Marantaceae,,Branca,Lilás,Assimétrica,,Não,Néctar,Sim,
17/03/23,9:33,Verão,Sol,PNMSM (SEDE),Apinae,Osirini,Osiris,Osiris sp.3,,6,A9,,Maranta cristata,Marantaceae,,Branca,Lilás,Assimétrica,,Não,Néctar,Sim,
05/04/23,08:04,Outono,Sol,PNMSM (SEDE),Apinae,Osirini,Osiris,Osiris variegatus,,7,A10,,Maranta leuconeura,Marantaceae,,Branca,Lilás,Assimétrica,,Não,Néctar,Sim,
05/04/23,09:10,Outono,Sol,PNMSM (SEDE),Apinae,Osirini,Osiris,Osiris variegatus,,8,A11,,Maranta leuconeura,Marantaceae,,Branca,Lilás,Assimétrica,,Não,Néctar,Sim,
08/11/23,?,Primavera,?,Estrada da Torre (PEM),Apinae,Tapinotaspidini,Trigonopedia,Trigonopedia ferruginea,,9,D1,,Begonia concinna,Begoniaceae,,Branca,Amarela,Actinomorfa,,Não,Pólen,,
17/11/23,10:00,Primavera,Sol/nuvens,PNMSM (SEDE),Apinae,Osirini,Osiris,Osiris variegatus,,10,A12,,Maranta cristata,Marantaceae,,Branca,Lilás,Assimétrica,,Não,Néctar,Sim,
01/12/23,9:14,Primavera,Sol/nuvens,PNMSM (SEDE),Apinae,Tapinotaspidini,Paratetrapedia,Paratetrapedia sp.1,M,11,A13,,Maranta cristata,Marantaceae,,Branca,Lilás,Assimétrica,,Não,Néctar,Sim,"Coleoptero, lepidopteros philopotas e stylogasters"
07/01/24,13:00,Verão,Sol,R. Caminho da Serra,Megachilinae,Megachilini,Megachile,Megachile sp.1,,12,B1,,Cosmos sulphureus,Asteraceae,,Laranja,,Actinomorfa,,Não,Pólen,,
16/01/24,10:27,Verão,Sol,R. Caminho da Serra,Apinae,Bombini,Bombus,Bombus morio,,13,B2,,Cosmos sulphureus,Asteraceae,,Laranja,,Actinomorfa,,Não,Pólen,,
25/01/24,10:35,Verão,Sol/nuvens,Trilha cachoeira (PEM),Apinae,Meliponini,Melipona,Melipona marginata carioca,,14,B39,,,,Chão,,,,,,Barro,,
25/01/24,10:35,Verão,Sol/nuvens,Trilha cachoeira (PEM),Apinae,Meliponini,Melipona,Melipona marginata carioca,,15,C1,,,,Chão,,,,,,Barro,,
25/01/24,10:37,Verão,Sol/nuvens,Trilha cachoeira (PEM),Apinae,Meliponini,Melipona,Melipona bicolor,,16,C2,,,,Chão,,,,,,Barro,,
19/11/24,09:53,Primavera,Sol/nuvens,Estrada da Torre (PEM),Andreninae,Protandrenini,Psaenythia,Psaenythia sp.,,17,D28,,Solanum hexandrum,Solanaceae,,Lilás,Amarelo,Actinomorfa,Não,,Pólen,,
25/01/24,11:00,Verão,Sol,R. Caminho da Serra,Megachilinae,Anthidiini,*,Anthidiini sp.1,,18,B3,,Ocimum gratissimum,Lamiaceae,,Branca,,Zigomorfa,,Não,Pólen,,
25/01/24,11:00,Verão,Sol,R. Caminho da Serra,Megachilinae,Anthidiini,*,Anthidiini sp.1,,19,B4,,Ocimum gratissimum,Lamiaceae,,Branca,,Zigomorfa,,Não,Néctar,,
25/01/24,11:00,Verão,Sol,R. Caminho da Serra,Megachilinae,Anthidiini,*,Anthidiini sp.1,,20,B5,,Ocimum gratissimum,Lamiaceae,,Branca,,Zigomorfa,,Não,Néctar,,
16/03/24,09:00,Verão,Sol/nuvens,Trilha cachoeira (PEM),Megachilinae,Megachilini,Megachile,Megachile sp.2,,21,C4,,,,Chão,,,,,,Barro,,
16/03/24,09:00,Verão,Sol/nuvens,Trilha cachoeira (PEM),Megachilinae,Megachilini,Megachile,Megachile sp.3,,22,C5,,,,Chão,,,,,,Barro,,
16/03/24,09:13,Verão,Sol/nuvens,R. Caminho da Serra,Apinae,Eucerini,Thygater,Thygater sp.1,,23,B6,,Ipomoea indica,Convolvulaceae,,Lilás,Branca,Actinomorfa,,Não,Néctar,,
16/03/24,10:00,Verão,Sol/nuvens,R. Caminho da Serra,Apinae,Eucerini,Thygater,Thygater sp.2,,24,B7,,Ipomoea indica,Convolvulaceae,,Lilás,Branca,Actinomorfa,,Não,Néctar,,
16/03/24,10:03,Verão,Sol/nuvens,R. Caminho da Serra,Apinae,Eucerini,Thygater,Thygater sp.2,,25,B8,,Ipomoea indica,Convolvulaceae,,Lilás,Branca,Actinomorfa,,Não,Néctar,,
16/03/24,10:05,Verão,Sol/nuvens,R. Caminho da Serra,Apinae,Euglossini,Euglossa,Euglossa sp.,,26,B9,,Ipomoea indica,Convolvulaceae,,Lilás,Branca,Actinomorfa,,Não,Néctar,,
16/03/24,10:10,Verão,Sol/nuvens,R. Caminho da Serra,Apinae,Emphorini,Melitoma,Melitoma segmentaria,,27,B10,,Ipomoea indica,Convolvulaceae,,Lilás,Branca,Actinomorfa,,Não,Néctar,,
13/04/24,09:10,Outono,Sol,R. Caminho da Serra,Megachilinae,Megachilini,Megachile,Megachile sp.4,,28,B11,,Cosmos sulphureus,Asteraceae,,Laranja,,Actinomorfa,,Não,Pólen,,lepidopteros spp.
13/04/24,10:22,Outono,Sol,R. Caminho da Serra,Halictinae,Augochlorini,Augochloropsis,Augochloropsis sp.1,,29,B12,,Cosmos caudatus,Asteraceae,,Lilás,Amarela,Actinomorfa,,Não,Néctar,,lepidopteros spp.
13/04/24,10:30,Outono,Sol,R. Caminho da Serra,Apinae,Ancylocelidini,Ancyloscelis,Ancyloscelis apiformis,,30,B13,,Ipomoea carnea,Convolvulaceae,,Rosa,Branca,Actinomorfa,,Não,,,
13/04/24,10:35,Outono,Sol,R. Caminho da Serra,Apinae,Emphorini,Melitoma,Melitoma segmentaria,,31,B14,,Ipomoea carnea,Convolvulaceae,,Rosa,Branca,Actinomorfa,,Não,Néctar,,
13/04/24,10:45,Outono,Sol,R. Caminho da Serra,Halictinae,Augochlorini,Augochlora,Augochlora sp.1,,32,B15,,Ipomoea indica,Convolvulaceae,,Lilás,Branca,Actinomorfa,,Não,Néctar,,
14/04/24,08:20,Outono,Sol,Trilha cachoeira (PEM),Apinae,Ceratinini,Ceratina,Ceratina (Neoclavicera) sp.1,,33,C6,,Acmellla ciliata,Asteraceae,,Amarela,,Actinomorfa,,Não,Néctar,,baccha sp.
14/04/24,08:20,Outono,Sol,Trilha cachoeira (PEM),Apinae,Ceratinini,Ceratina,Ceratina (ceratinula) sp.2,,34,C7,,Acmellla ciliata,Asteraceae,,Amarela,,Actinomorfa,,Não,Néctar,,
14/04/24,08:20,Outono,Sol,Trilha cachoeira (PEM),Apinae,Ceratinini,Ceratina,Ceratina (ceratinula) sp.2,,35,C8,,Acmellla ciliata,Asteraceae,,Amarela,,Actinomorfa,,Não,Néctar,,
14/04/24,08:21,Outono,Sol,Trilha cachoeira (PEM),Apinae,Ceratinini,Ceratina,Ceratina (ceratinula) sp.2,,36,C9,,Acmellla ciliata,Asteraceae,,Amarela,,Actinomorfa,,Não,Néctar,,
14/04/24,08:21,Outono,Sol,Trilha cachoeira (PEM),Apinae,Ceratinini,Ceratina,Ceratina (ceratinula) sp.2,,37,C10,,Acmellla ciliata,Asteraceae,,Amarela,,Actinomorfa,,Não,Néctar,,
14/04/24,13:00,Outono,Sol,Trilha cachoeira (PEM),Apinae,Exomalopsini,Exomalopsis,Exomalopsis sp.1,,38,C11,,Acmellla ciliata,Asteraceae,,Amarela,,Actinomorfa,,Não,Néctar,,
14/04/24,13:00,Outono,Sol,Trilha cachoeira (PEM),Halictinae,Augochlorini,Augochlora,Augochlora sp.2,,39,C12,,Acmellla ciliata,Asteraceae,,Amarela,,Actinomorfa,,Não,Néctar,,
14/04/24,13:00,Outono,Sol,Trilha cachoeira (PEM),Apinae,Meliponini,Plebeia,Plebeia droryana,,40,C13,,Acmellla ciliata,Asteraceae,,Amarela,,Actinomorfa,,Não,Néctar,,
14/04/24,13:00,Outono,Sol,Trilha cachoeira (PEM),Apinae,Meliponini,Plebeia,Plebeia droryana,,41,C14,,Acmellla ciliata,Asteraceae,,Amarela,,Actinomorfa,,Não,Néctar,,
03/05/24,07:55,Outono,Sol/nuvens,PNMSM (SEDE),Apinae,Euglossini,Eulaema,Eulaema cingulata,,42,A15,,Spathiphyllum cannifolium,Araceae,,Branca,,Actinomorfa,,Sim,Aroma,,
03/05/24,08:05,Outono,Sol/nuvens,PNMSM (SEDE),Halictinae,Augochlorini,Augochloropsis,Augochloropsis sp.7,,43,A16,,Miconia calvescens,Melastomataceae,,Branca,,Actinomorfa,,Sim,Pólen,,
03/05/24,08:05,Outono,Sol/nuvens,PNMSM (SEDE),Halictinae,Augochlorini,Augochloropsis,Augochloropsis sp.5,,44,A17,,Miconia calvescens,Melastomataceae,,Branca,,Actinomorfa,,Sim,Pólen,,
03/05/24,08:07,Outono,Sol/nuvens,PNMSM (SEDE),Apinae,Meliponini,Partamona,Partamona sp.,,45,A18,,Miconia calvescens,Melastomataceae,,Branca,,Actinomorfa,,Sim,Pólen,,
03/05/24,08:07,Outono,Sol/nuvens,PNMSM (SEDE),Apinae,Meliponini,Oxytrigona,Oxytrigona cagafogo,,46,A19,,Miconia calvescens,Melastomataceae,,Branca,,Actinomorfa,,Sim,Pólen,,
03/05/24,08:07,Outono,Sol/nuvens,PNMSM (SEDE),Apinae,Meliponini,Oxytrigona,Oxytrigona cagafogo,,47,A20,,Miconia calvescens,Melastomataceae,,Branca,,Actinomorfa,,Sim,Pólen,,
03/05/24,08:08,Outono,Sol/nuvens,PNMSM (SEDE),Apinae,Meliponini,Plebeia,Plebeia remota,,48,A21,,Miconia calvescens,Melastomataceae,,Branca,,Actinomorfa,,Sim,Pólen,,
03/05/24,08:20,Outono,Sol/nuvens,PNMSM (SEDE),Apinae,Meliponini,Melipona,Melipona marginata carioca,,49,A22,,Miconia calvescens,Melastomataceae,,Branca,,Actinomorfa,,Sim,Pólen,,
03/05/24,08:20,Outono,Sol/nuvens,PNMSM (SEDE),Apinae,Meliponini,Melipona,Melipona marginata carioca,,50,A23,,Miconia calvescens,Melastomataceae,,Branca,,Actinomorfa,,Sim,Pólen,,
03/05/24,08:20,Outono,Sol/nuvens,PNMSM (SEDE),Apinae,Meliponini,Melipona,Melipona marginata carioca,,51,A24,,Miconia calvescens,Melastomataceae,,Branca,,Actinomorfa,,Sim,Pólen,,
03/05/24,08:20,Outono,Sol/nuvens,PNMSM (SEDE),Apinae,Meliponini,Melipona,Melipona marginata carioca,,52,A25,,Miconia calvescens,Melastomataceae,,Branca,,Actinomorfa,,Sim,Pólen,,
03/05/24,08:20,Outono,Sol/nuvens,PNMSM (SEDE),Apinae,Meliponini,Melipona,Melipona marginata carioca,,53,A26,,Miconia calvescens,Melastomataceae,,Branca,,Actinomorfa,,Sim,Pólen,,
03/05/24,08:20,Outono,Sol/nuvens,PNMSM (SEDE),Apinae,Meliponini,Melipona,Melipona marginata carioca,,54,A27,,Miconia calvescens,Melastomataceae,,Branca,,Actinomorfa,,Sim,Pólen,,
03/05/24,08:25,Outono,Sol/nuvens,PNMSM (SEDE),Apinae,Meliponini,Melipona,Melipona marginata carioca,,55,A28,,Miconia calvescens,Melastomataceae,,Branca,,Actinomorfa,,Sim,Pólen,,
03/05/24,08:25,Outono,Sol/nuvens,PNMSM (SEDE),Apinae,Meliponini,Melipona,Melipona marginata carioca,,56,A29,,Miconia calvescens,Melastomataceae,,Branca,,Actinomorfa,,Sim,Pólen,,
03/05/24,09:10,Outono,Sol/nuvens,PNMSM (SEDE),Apinae,Euglossini,Euglossa,Euglossa sp.,,57,A30,,Spathiphyllum cannifolium,Araceae,,Branca,,Actinomorfa,,Sim,Aroma,,
03/05/24,09:15,Outono,Sol/nuvens,PNMSM (SEDE),Apinae,Meliponini,Plebeia,Plebeia remota,,58,A31,,Spathiphyllum cannifolium,Araceae,,Branca,,Actinomorfa,,Sim,Pólen,,
03/05/24,09:15,Outono,Sol/nuvens,PNMSM (SEDE),Apinae,Meliponini,Plebeia,Plebeia remota,,59,A32,,Spathiphyllum cannifolium,Araceae,,Branca,,Actinomorfa,,Sim,Pólen,,
03/05/24,09:15,Outono,Sol/nuvens,PNMSM (SEDE),Apinae,Meliponini,Plebeia,Plebeia droryana,,60,A33,,Spathiphyllum cannifolium,Araceae,,Branca,,Actinomorfa,,Sim,Pólen,,
03/05/24,09:16,Outono,Sol/nuvens,PNMSM (SEDE),Apinae,Meliponini,Plebeia,Plebeia droryana,,61,A34,,Spathiphyllum cannifolium,Araceae,,Branca,,Actinomorfa,,Sim,Pólen,,
03/05/24,09:16,Outono,Sol/nuvens,PNMSM (SEDE),Apinae,Meliponini,Plebeia,Plebeia saiqui,,62,A35,,Spathiphyllum cannifolium,Araceae,,Branca,,Actinomorfa,,Sim,Pólen,,
03/05/24,09:16,Outono,Sol/nuvens,PNMSM (SEDE),Apinae,Meliponini,Plebeia,Plebeia saiqui,,63,A36,,Spathiphyllum cannifolium,Araceae,,Branca,,Actinomorfa,,Sim,Pólen,,
03/05/24,09:16,Outono,Sol/nuvens,PNMSM (SEDE),Apinae,Meliponini,Plebeia,Plebeia droryana,,64,A37,,Spathiphyllum cannifolium,Araceae,,Branca,,Actinomorfa,,Sim,Pólen,,
03/05/24,09:16,Outono,Sol/nuvens,PNMSM (SEDE),Apinae,Meliponini,Partamona,Partamona sp.,,65,A38,,Miconia calvescens,Melastomataceae,,Branca,,Actinomorfa,,Sim,Pólen,,
03/05/24,10:00,Outono,Sol/nuvens,PNMSM (SEDE),Apinae,Meliponini,Leurotrigona,Leurotrigona muelleri,,66,A39,,Miconia calvescens,Melastomataceae,,Branca,,Actinomorfa,,Sim,Pólen,,
03/05/24,10:00,Outono,Sol/nuvens,PNMSM (SEDE),Apinae,Meliponini,Leurotrigona,Leurotrigona muelleri,,67,A40,,Miconia calvescens,Melastomataceae,,Branca,,Actinomorfa,,Sim,Pólen,,coleoptero
18/05/24,10:00,Outono,Sol,Cond. Chácara do Mendanha,Apinae,Centridini,Centris,Centris sp.1,,68,F1,,Tecoma stans,Bignoniaceae,,Amarela,Cobre,Zigomorfa,Sim,Não,Néctar,,
18/05/24,10:00,Outono,Sol,Cond. Chácara do Mendanha,Apinae,Centridini,Centris,Centris sp.1,,69,F2,,Tecoma stans,Bignoniaceae,,Amarela,Cobre,Zigomorfa,Sim,Não,Néctar,,
18/05/24,10:00,Outono,Sol,Cond. Chácara do Mendanha,Apinae,Centridini,Centris,Centris sp.1,,70,F3,,Tecoma stans,Bignoniaceae,,Amarela,Cobre,Zigomorfa,Sim,Não,Néctar,,
14/06/24,08:40,Outono,Sol,Estrada da Torre (PEM),Apinae,Meliponini,Trigona,Trigona sp.2,,71,D2,,Caliandra sp.,Fabaceae,,Lilás,,Actinomorfa,,Não,Pólen,,
14/06/24,09:20,Outono,Sol,Estrada da Torre (PEM),Halictinae,Augochlorini,Ariphanarthra,Ariphanarthra palpalis,,72,D3,,Rubus rosifolius,Rosaceae,,Branca,,Actinomorfa,,Não,Néctar,,
14/06/24,09:20,Outono,Sol,Estrada da Torre (PEM),Halictinae,Augochlorini,Rhectomia,Rhectomia sp.,,73,D4,,Rubus rosifolius,Rosaceae,,Branca,,Actinomorfa,,,Néctar,,
14/06/24,09:35,Outono,Sol,Estrada da Torre (PEM),Apinae,Meliponini,Plebeia,Plebeia droryana,,74,D5,,Casearia sp.,Salicaceae,,Branca,,Actinomorfa,,,,,
14/06/24,09:35,Outono,Sol,Estrada da Torre (PEM),Apinae,Meliponini,Plebeia,Plebeia droryana,,75,D6,,Casearia sp.,Salicaceae,,Branca,,Actinomorfa,,,,,
14/06/24,10:07,Outono,Sol,Estrada da Torre (PEM),Halictinae,Augochlorini,Augochlorella,Augochlorella sp.1,,76,D7,,Rubus rosifolius,Rosaceae,,Branca,,Actinomorfa,,,Néctar,,
14/06/24,10:10,Outono,Sol,Estrada da Torre (PEM),Apinae,Meliponini,Trigona,Trigona sp.2,,77,D8,,Brillantaisia lamium,Acanthaceae,,Lilás,,Zigomorfa,,Não,Néctar,,
14/06/24,11:13,Outono,Sol,Estrada da Torre (PEM),Halictinae,Halictini,Dialictus,Dialictus sp.1,,78,D9,,Oxalis debilis,Oxalidaceae,,Rosa,Lilás,Actinomorfa,,Não,Néctar,,Baccha sp.
14/06/24,13:11,Outono,Sol,Estrada da Torre (PEM),Halictinae,Augochlorini,Augochlorella,Augochlorella sp.1,,79,D10,,Oxalis debilis,Oxalidaceae,,Rosa,Lilás,Actinomorfa,,Não,Néctar,,
21/06/24,09:10,Inverno,Sol,Estrada da Torre (PEM),Halictinae,Augochlorini,Rhectomia,Rhectomia sp.,,80,D11,,Oxalis debilis,Oxalidaceae,,Rosa,Lilás,Actinomorfa,,Não,Néctar,,
21/06/24,09:46,Inverno,Sol,Estrada da Torre (PEM),Apinae,Meliponini,Plebeia,Plebeia droryana,,81,D12,,Begonia convolvulacea,Begoniaceae,,Branca,,Actinomorfa,,Não,Pólen,,
21/06/24,10:00,Inverno,Sol,Estrada da Torre (PEM),Apinae,Meliponini,Trigona,Trigona sp.2,,82,D13,,Begonia huegelii,Begoniaceae,,Branca,,Actinomorfa,,Não,Pólen,,
21/06/24,10:24,Inverno,Sol,Estrada da Torre (PEM),Apinae,Meliponini,Plebeia,Plebeia saiqui,,83,D14,,Begonia huegelii,Begoniaceae,,Branca,,Actinomorfa,,Não,Pólen,,
21/06/24,10:24,Inverno,Sol,Estrada da Torre (PEM),Apinae,Meliponini,Plebeia,Plebeia droryana,,84,D15,,Begonia huegelii,Begoniaceae,,Branca,,Actinomorfa,,Não,Pólen,,
21/06/24,10:24,Inverno,Sol,Estrada da Torre (PEM),Apinae,Meliponini,Plebeia,Plebeia droryana,,85,D16,,Begonia huegelii,Begoniaceae,,Branca,,Actinomorfa,,Não,Pólen,,
21/06/24,10:30,Inverno,Sol,Estrada da Torre (PEM),Apinae,Meliponini,Plebeia,Plebeia droryana,,86,D17,,Begonia huegelii,Begoniaceae,,Branca,,Actinomorfa,,Não,Pólen,,
21/06/24,10:30,Inverno,Sol,Estrada da Torre (PEM),Apinae,Meliponini,Plebeia,Plebeia droryana,,87,D18,,Begonia huegelii,Begoniaceae,,Branca,,Actinomorfa,,Não,Pólen,,
21/06/24,10:30,Inverno,Sol,Estrada da Torre (PEM),Apinae,Meliponini,Plebeia,Plebeia droryana,,88,D19,,Begonia huegelii,Begoniaceae,,Branca,,Actinomorfa,,Não,Pólen,,
21/06/24,10:30,Inverno,Sol,Estrada da Torre (PEM),Apinae,Meliponini,Plebeia,Plebeia droryana,,89,D20,,Begonia huegelii,Begoniaceae,,Branca,,Actinomorfa,,Não,Pólen,,
21/06/24,11:25,Inverno,Sol,Estrada da Torre (PEM),Apinae,Meliponini,Nannotrigona,Nannotrigona testaceicornis,,90,D21,,Asteraceae sp.1,Asteraceae,,Verde,,Actinomorfa,,Sim,néctar,,
21/06/24,11:25,Inverno,Sol,Estrada da Torre (PEM),Apinae,Meliponini,Nannotrigona,Nannotrigona testaceicornis,,91,D22,,Asteraceae sp.1,Asteraceae,,Verde,,Actinomorfa,,Sim,néctar,,
21/06/24,12:00,Inverno,Sol,Estrada da Torre (PEM),Halictinae,Halictini,Dialictus,Dialictus sp.2,,92,D23,,Oxalis debilis,Oxalidaceae,,Rosa,Lilás,Zigomorfa,,Não,Néctar,,
21/06/24,12:40,Inverno,Sol,Estrada da Torre (PEM),Halictinae,Augochlorini,Augochlorella,Augochlorella sp.1,,93,D24,,Rubus rosifolius,Rosaceae,,Branca,,Actinomorfa,,Não,Néctar,,
21/06/24,14:00,Inverno,Sol,Estrada da Torre (PEM),Halictinae,Augochlorini,Ariphanarthra,Ariphanarthra palpalis,,94,D25,,Rubus rosifolius,Rosaceae,,Branca,,Actinomorfa,,Não,Néctar,,
21/06/24,14:00,Inverno,Sol,Estrada da Torre (PEM),Halictinae,Augochlorini,Ariphanarthra,Ariphanarthra palpalis,,95,D26,,Rubus rosifolius,Rosaceae,,Branca,,Actinomorfa,,Não,Néctar,,
21/06/24,14:30,Inverno,Sol,Estrada da Torre (PEM),Halictinae,Augochlorini,Rhectomia,Rhectomia sp.,,96,D27,,Rubiaceae sp.1,Rubiaceae,,Branca,,Actinomorfa,,Não,Néctar,,
12/07/24,10:00,Inverno,Sol,PNMSM (SEDE),Apinae,Meliponini,Plebeia,Plebeia droryana,,97,A41,,Serjania caracasana,Sapindaceae,,Branca,Amarela,Actinomorfa,,Sim,Pólen,,
12/07/24,10:00,Inverno,Sol,PNMSM (SEDE),Apinae,Meliponini,Plebeia,Plebeia droryana,,98,A42,,Serjania caracasana,Sapindaceae,,Branca,Amarela,Actinomorfa,,,,,
12/07/24,10:00,Inverno,Sol,PNMSM (SEDE),Apinae,Meliponini,Plebeia,Plebeia droryana,,99,A43,,Serjania caracasana,Sapindaceae,,Branca,Amarela,Actinomorfa,,,,,
12/07/24,10:00,Inverno,Sol,PNMSM (SEDE),Apinae,Meliponini,Plebeia,Plebeia saiqui,,100,A44,,Serjania caracasana,Sapindaceae,,Branca,Amarela,Actinomorfa,,,,,
21/09/24,10:30,Inverno,Sol,R. Caminho da Serra,Apinae,Xylocopini,Xylocopa,Xylocopa sp.2,,101,B16,,Andira anthelmia,Fabaceae,,Rosa,Branca,Zigomorfa,,Sim,Néctar,,
21/09/24,10:35,Inverno,Sol,R. Caminho da Serra,Apinae,Meliponini,Tetragonisca,Tetragonisca angustula,,102,B17,,Andira anthelmia,Fabaceae,,Rosa,Branca,Zigomorfa,,Sim,,,
21/09/24,10:35,Inverno,Sol,R. Caminho da Serra,Apinae,Meliponini,Nannotrigona,Nannotrigona testaceicornis,,103,B18,,Andira anthelmia,Fabaceae,,Rosa,Branca,Zigomorfa,,Sim,,,
21/09/24,10:35,Inverno,Sol,R. Caminho da Serra,Apinae,Meliponini,Nannotrigona,Nannotrigona testaceicornis,,104,B19,,Andira anthelmia,Fabaceae,,Rosa,Branca,Zigomorfa,,Sim,,,
21/09/24,10:35,Inverno,Sol,R. Caminho da Serra,Apinae,Meliponini,Plebeia,Plebeia droryana,,105,B20,,Andira anthelmia,Fabaceae,,Rosa,Branca,Zigomorfa,,Sim,,,
21/09/24,10:35,Inverno,Sol,R. Caminho da Serra,Apinae,Meliponini,Plebeia,Plebeia droryana,,106,B21,,Andira anthelmia,Fabaceae,,Rosa,Branca,Zigomorfa,,Sim,,,
21/09/24,10:40,Inverno,Sol,R. Caminho da Serra,Apinae,Xylocopini,Xylocopa,Xylocopa frontalis,,107,B22,,Andira anthelmia,Fabaceae,,Rosa,Branca,Zigomorfa,,Sim,Néctar,,
21/09/24,10:50,Inverno,Sol,R. Caminho da Serra,Apinae,Xylocopini,Xylocopa,Xylocopa frontalis,,108,B23,,Andira anthelmia,Fabaceae,,Rosa,Branca,Zigomorfa,,Sim,Néctar,,
21/09/24,11:00,Inverno,Sol,R. Caminho da Serra,Apinae,Centridini,Centris,Centris sp.2,,109,B24,,Andira anthelmia,Fabaceae,,Rosa,Branca,Zigomorfa,,Sim,Néctar,,
21/09/24,11:10,Inverno,Sol,R. Caminho da Serra,Apinae,Meliponini,Trigona,Trigona spinipes,,110,B25,,Andira anthelmia,Fabaceae,,Rosa,Branca,Zigomorfa,,Sim,,,
21/09/24,11:40,Inverno,Sol,R. Caminho da Serra,Apinae,Centridini,Centris,Centris sp.2,,111,B26,,Andira anthelmia,Fabaceae,,Rosa,Branca,Zigomorfa,,Sim,Néctar,,
21/09/24,12:00,Inverno,Sol,R. Caminho da Serra,Apinae,Centridini,Centris,Centris sp.1,,112,B27,,Andira anthelmia,Fabaceae,,Rosa,Branca,Zigomorfa,,Sim,Néctar,,
21/09/24,12:00,Inverno,Sol,R. Caminho da Serra,Apinae,Centridini,Centris,Centris sp.2,,113,B28,,Andira anthelmia,Fabaceae,,Rosa,Branca,Zigomorfa,,Sim,Néctar,,
21/09/24,12:22,Inverno,Sol,R. Caminho da Serra,Apinae,Meliponini,Oxytrigona,Oxytrigona cagafogo,,114,B29,,Andira anthelmia,Fabaceae,,Rosa,Branca,Zigomorfa,,Sim,,,
21/09/24,?,Inverno,Sol,R. Caminho da Serra,Apinae,Apini,Apis,Apis mellifera,,115,B30,,Andira anthelmia,Fabaceae,,Rosa,Branca,Zigomorfa,,Sim,Néctar,,lepidopteros spp
27/09/24,08:35,Primavera,Sol/nuvens,Trilha cachoeira (PEM),Halictinae,Augochlorini,Augochloropsis,Augochloropsis sp.2,,116,C15,,Ludwigia sp.,Onagraceae,,Amarela,,Actinomorfa,,Não,Néctar,,
27/09/24,09:15,Primavera,Sol/nuvens,Trilha cachoeira (PEM),Halictinae,Augochlorini,Augochloropsis,Augochloropsis sp.6,,117,C16,,,,Ninho,,,,,,,,
27/09/24,09:15,Primavera,Sol/nuvens,Trilha cachoeira (PEM),Halictinae,Augochlorini,Augochloropsis,Augochloropsis sp.6,,118,C17,,,,Ninho,,,,,,Suor,,
27/09/24,12:44,Primavera,Sol/nuvens,Trilha cachoeira (PEM),Apinae,Meliponini,Plebeia,Plebeia saiqui,,119,C18,,Eriotheca sp.,Malvaceae,,Amarela,,Actinomorfa,,,Pólen,,
27/09/24,12:44,Primavera,Sol/nuvens,Trilha cachoeira (PEM),Apinae,Meliponini,Plebeia,Plebeia droryana,,120,C19,,Eriotheca sp.,Malvaceae,,Amarela,,Actinomorfa,,,Pólen,,
27/09/24,12:44,Primavera,Sol/nuvens,Trilha cachoeira (PEM),Apinae,Meliponini,Plebeia,Plebeia droryana,,121,C20,,Eriotheca sp.,Malvaceae,,Amarela,,Actinomorfa,,,Pólen,,
27/09/24,12:44,Primavera,Sol/nuvens,Trilha cachoeira (PEM),Apinae,Meliponini,Plebeia,Plebeia droryana,,122,C21,,Eriotheca sp.,Malvaceae,,Amarela,,Actinomorfa,,,Pólen,,
27/09/24,13:13,Primavera,Sol/nuvens,Trilha cachoeira (PEM),Halictinae,Halictini,Dialictus,Dialictus sp.,,123,C22,,,,Pele humana suada,,,,,,Suor,,
27/09/24,13:13,Primavera,Sol/nuvens,Trilha cachoeira (PEM),Apinae,Meliponini,Leurotrigona,Leurotrigona muelleri,,124,C23,,,,Pele humana suada,,,,,,,,
03/11/24,10:20,Primavera,Nublado,R. Caminho da Serra,Apinae,Centridini,Centris,Centris sp.1,,125,B31,,Petrea volubilis,Verbenaceae,,Lilás,,Zigomorfa,,Não,Néctar,,
03/11/24,10:30,Primavera,Nublado,R. Caminho da Serra,Apinae,Ericrocidini,Mesoplia,Mesoplia sp.,,126,B32,,Petrea volubilis,Verbenaceae,,Lilás,,Zigomorfa,,Não,Néctar,,
03/11/24,10:35,Primavera,Nublado,R. Caminho da Serra,Apinae,Centridini,Centris,Centris sp.1,,127,B33,,Petrea volubilis,Verbenaceae,,Lilás,,Zigomorfa,,Não,Néctar,,
03/11/24,11:00,Primavera,Nublado,R. Caminho da Serra,Apinae,Centridini,Centris,Centris sp.1,,128,B34,,Petrea volubilis,Verbenaceae,,Lilás,,Zigomorfa,,Não,Néctar,,
03/11/24,11:30,Primavera,Nublado,R. Caminho da Serra,Apinae,Centridini,Centris,Centris sp.1,,129,B35,,Petrea volubilis,Verbenaceae,,Lilás,,Zigomorfa,,Não,Néctar,,
03/11/24,12:30,Primavera,Nublado,R. Caminho da Serra,Apinae,Eucerini,Thygater,Thygater sp.1,,130,B36,,Petrea volubilis,Verbenaceae,,Lilás,,Zigomorfa,,Não,Néctar,,
03/11/24,13:00,Primavera,Nublado,R. Caminho da Serra,Apinae,Eucerini,Thygater,Thygater sp.2,,131,B37,,Petrea volubilis,Verbenaceae,,Lilás,,Zigomorfa,,Não,Néctar,,
03/11/24,13:00,Primavera,Nublado,R. Caminho da Serra,Apinae,Eucerini,Thygater,Thygater sp.2,,132,B38,,Petrea volubilis,Verbenaceae,,Lilás,,Zigomorfa,,Não,Néctar,,
08/11/24,07:50,Primavera,Nublado,Trilha cachoeira (PEM),Apinae,Meliponini,Melipona,Melipona marginata carioca,,133,C24,,,,Chão,,,,,,Barro,,
08/11/24,07:50,Primavera,Nublado,Trilha cachoeira (PEM),Apinae,Meliponini,Melipona,Melipona marginata carioca,,134,C25,,,,Chão,,,,,,Barro,,
08/11/24,08:00,Primavera,Nublado,Trilha cachoeira (PEM),Apinae,Meliponini,Partamona,Partamona sp.,,135,C26,,,,Chão,,,,,,Barro,,
08/11/24,08:36,Primavera,Nublado,Trilha cachoeira (PEM),Apinae,Meliponini,Schwarziana,Schwarziana quadripunctata,,136,C27,,,,Ninho,,,,,,,,
08/11/24,08:36,Primavera,Nublado,Trilha cachoeira (PEM),Apinae,Meliponini,Schwarziana,Schwarziana quadripunctata,,137,C28,,,,Ninho,,,,,,,,
08/11/24,08:36,Primavera,Nublado,Trilha cachoeira (PEM),Apinae,Meliponini,Schwarziana,Schwarziana quadripunctata,,138,C29,,,,Ninho,,,,,,,,
08/11/24,08:36,Primavera,Nublado,Trilha cachoeira (PEM),Apinae,Meliponini,Schwarziana,Schwarziana quadripunctata,,139,C30,,,,Ninho,,,,,,,,
08/11/24,08:36,Primavera,Nublado,Trilha cachoeira (PEM),Apinae,Meliponini,Schwarziana,Schwarziana quadripunctata,,140,C31,,,,Ninho,,,,,,,,
08/11/24,10:11,Primavera,Nublado,Trilha cachoeira (PEM),Apinae,Meliponini,Partamona,Partamona sp.,,141,C32,,,,Chão,,,,,,Barro,,
08/11/24,10:11,Primavera,Nublado,Trilha cachoeira (PEM),Apinae,Meliponini,Partamona,Partamona sp.,,142,C33,,,,Chão,,,,,,Barro,,
19/11/24,09:50,Primavera,Sol/nuvens,Estrada da Torre (PEM),Apinae,Euglossini,Eufriesea,Eufriesea violacea,,143,D28,,Solanum hexandrum,Solanaceae,,Lilás,Amarelo,Actinomorfa,Não,,Pólen,,
19/11/24,11:20,Primavera,Sol/nuvens,Trilha torre/lagoa azul (PEM),Apinae,Tapinotaspidini,Paratetrapedia,Paratetrapedia sp.2,M,144,E1,,Caamembeca salicifolia,Polygalaceae,,Branca,Amarela/laranja/vermelha,Zigomorfa,,Não,Néctar,,
19/11/24,11:20,Primavera,Sol/nuvens,Trilha torre/lagoa azul (PEM),Apinae,Tapinotaspidini,Paratetrapedia,Paratetrapedia sp.2,M,145,E2,,Caamembeca salicifolia,Polygalaceae,,Branca,Amarela/laranja/vermelha,Zigomorfa,,Não,Néctar,,
19/11/24,11:35,Primavera,Sol/nuvens,Trilha torre/lagoa azul (PEM),Apinae,Meliponini,Partamona,Partamona sp.,,146,E3,,,,Chão,,,,,,Barro,,
19/11/24,12:00,Primavera,Sol/nuvens,Trilha torre/lagoa azul (PEM),Halictinae,Augochlorini,Pseudaugochlora,Psedaugochlora sp.1,,147,E4,,Caamembeca salicifolia,Polygalaceae,,Branca,Amarela/laranja/vermelha,Zigomorfa,,Não,Néctar,,
28/11/24,10:05,Primavera,Sol,Estrada da Torre (PEM),Apinae,Meliponini,Tetragonisca,Tetragonisca angustula,,148,D29,,Piper aduncum,Piperaceae,,Verde,,Actinomorfa,,Não,Pólen,,
28/11/24,10:15,Primavera,Sol,Estrada da Torre (PEM),Megachilinae,Megachilini,Megachile,Megachile sp.5,,149,D30,,Sphagneticola trilobata,Asteraceae,,Amarela,,Actinomorfa,,Não,Pólen,,"Baccha sp., Acroceridae"
28/11/24,10:15,Primavera,Sol,Estrada da Torre (PEM),Megachilinae,Megachilini,Coelioxys,Coelioxys sp.,,150,D31,,Sphagneticola trilobata,Asteraceae,,Amarela,,Actinomorfa,,Não,Néctar,,Mosca mydas
28/11/24,10:28,Primavera,Sol,Estrada da Torre (PEM),Apinae,Tapinotaspidini,Paratetrapedia,Paratetrapedia sp.3,,151,D32,,Stachytarpheta sp.,Verbenaceae,,Lilás,,Zigomorfa,,Não,Néctar,,
28/11/24,11:10,Primavera,Sol,Estrada da Torre (PEM),Apinae,Meliponini,Schwarziana,Schwarziana quadripunctata,,152,D33,,Piper aduncum,Piperaceae,,Verde,,Actinomorfa,,Não,Pólen,,
28/11/24,11:10,Primavera,Sol,Estrada da Torre (PEM),Apinae,Meliponini,Tetragona,Tetragona clavipes,,153,D34,,Piper aduncum,Piperaceae,,Verde,,Actinomorfa,,Não,Pólen,,
28/11/24,11:30,Primavera,Sol,Estrada da Torre (PEM),Apinae,Meliponini,Tetragonisca,Tetragonisca angustula,,154,D35,,Piper aduncum,Piperaceae,,Verde,,Actinomorfa,,Não,Pólen,,
28/11/24,11:30,Primavera,Sol,Estrada da Torre (PEM),Halictinae,Halictini,Dialictus,Dialictus sp.3,,155,D36,,Piper aduncum,Piperaceae,,Verde,,Actinomorfa,,Não,Pólen,,
28/11/24,11:42,Primavera,Sol,Estrada da Torre (PEM),Apinae,Meliponini,Melipona,Melipona bicolor,,156,D37,,,,Chão,,,,,,Barro,,
28/11/24,11:45,Primavera,Sol,Estrada da Torre (PEM),Apinae,Meliponini,Schwarziana,Schwarziana quadripunctata,,157,D38,,Piper aduncum,Piperaceae,,Verde,,Actinomorfa,,Não,Pólen,,
28/11/24,11:45,Primavera,Sol,Estrada da Torre (PEM),Apinae,Meliponini,Oxytrigona,Oxytrigona cagafogo,,158,D39,,Piper aduncum,Piperaceae,,Verde,,Actinomorfa,,Não,Pólen,,
28/11/24,11:45,Primavera,Sol,Estrada da Torre (PEM),Apinae,Meliponini,Oxytrigona,Oxytrigona cagafogo,,159,D40,,Piper aduncum,Piperaceae,,Verde,,Actinomorfa,,Não,Pólen,,
28/11/24,11:47,Primavera,Sol,Estrada da Torre (PEM),Apinae,Tapinotaspidini,Trigonopedia,Trigonopedia ferruginea,,160,D41,,Begonia concinna,Begoniaceae,,Branca,Amarela,Actinomorfa,,Não,Pólen,,
28/11/24,12:00,Primavera,Sol,Estrada da Torre (PEM),Apinae,Ceratinini,Ceratina,Ceratina (Crewella) sp.3,,161,D42,,Stachytarpheta sp.,Verbenaceae,,Lilás,,Zigomorfa,,Não,Néctar,,mosca parece bombus
28/11/24,12:03,Primavera,Sol,Estrada da Torre (PEM),Apinae,Ceratinini,Ceratina,Ceratina (Crewella) sp.3,,162,D43,,Acmellla ciliata,Asteraceae,,Amarela,,Actinomorfa,,Não,Pólen,,
28/11/24,12:29,Primavera,Sol,Estrada da Torre (PEM),Halictinae,Augochlorini,Augochloropsis,Augochloropsis sp.6,,163,D44,,Solanum hexandrum,Solanaceae,,Lilás,Amarela,Actinomorfa,,Não,pólen,,
28/11/24,12:30,Primavera,Sol,Estrada da Torre (PEM),Apinae,Meliponini,Plebeia,Plebeia droryana,,164,D45,,Solanum hexandrum,Solanaceae,,Lilás,Amarela,Actinomorfa,,Não,pólen,,
28/11/24,12:30,Primavera,Sol,Estrada da Torre (PEM),Apinae,Meliponini,Plebeia,Plebeia droryana,,165,D46,,Solanum hexandrum,Solanaceae,,Lilás,Amarela,Actinomorfa,,Não,pólen,,
28/11/24,13:00,Primavera,Sol,Estrada da Torre (PEM),Halictinae,Augochlorini,Augochlora,Augochlora sp.4,,166,D47,,Acmellla ciliata,Asteraceae,,Amarela,,Actinomorfa,,Não,Néctar,,
13/12/24,06:50,Primavera,Sol/nuvens,PNMSM (SEDE),Apinae,Meliponini,Trigona,Trigona sp.2,,167,,,Miconia dodecandra,Melastomataceae,,Branca,Amarela,Zigomorfa,,Não,Pólen,,
13/12/24,06:50,Primavera,Sol/nuvens,PNMSM (SEDE),Apinae,Meliponini,Trigona,Trigona sp.2,,168,,,Miconia dodecandra,Melastomataceae,,Branca,Amarela,Zigomorfa,,Não,Pólen,,
13/12/24,07:30,Primavera,Sol/nuvens,PNMSM (SEDE),Apinae,Euglossini,Euglossa,Euglossa sp.,,169,,,Spathiphyllum cannifolium,Araceae,,Branca,,Actinomorfa,,Sim,Aroma,,
13/12/24,10:00,Primavera,Sol/nuvens,PNMSM (SEDE),Apinae,Meliponini,Apis,Apis mellifera,,170,,,Psychotria leiocarpa,Rubiaceae,,Branca,Amarela,Actinomorfa,,,Néctar,,
13/12/24,10:15,Primavera,Sol/nuvens,PNMSM (SEDE),Apinae,Meliponini,Trigona,Trigona sp.2,,171,,,Psychotria leiocarpa,Rubiaceae,,Branca,Amarela,Actinomorfa,,,Néctar,,
13/12/24,10:15,Primavera,Sol/nuvens,PNMSM (SEDE),Apinae,Meliponini,Plebeia,Plebeia droryana,,172,,,Psychotria leiocarpa,Rubiaceae,,Branca,Amarela,Actinomorfa,,,Néctar,,
13/12/24,10:30,Primavera,Sol/nuvens,PNMSM (SEDE),Apinae,Meliponini,Plebeia,Plebeia droryana,,173,,,Psychotria leiocarpa,Rubiaceae,,Branca,Amarela,Actinomorfa,,,Néctar,,
13/12/24,11:00,Primavera,Sol/nuvens,PNMSM (SEDE),Halictinae,Augochlorini,Augochloropsis,Augochloropsis sp.3,,174,,,Piper aduncum,Piperaceae,,Verde,,Actinomorfa,,Não,Pólen,,
13/12/24,11:18,Primavera,Sol/nuvens,PNMSM (SEDE),Halictinae,Augochlorini,Ceratalictus,Ceratalictus sp.,,175,,,Piper aduncum,Piperaceae,,Verde,,Actinomorfa,,Não,Pólen,,
13/12/24,11:18,Primavera,Sol/nuvens,PNMSM (SEDE),Halictinae,Halictini,Dialictus,Dialictus sp.4,,176,,,Piper aduncum,Piperaceae,,Verde,,Actinomorfa,,Não,Pólen,,
13/12/24,11:18,Primavera,Sol/nuvens,PNMSM (SEDE),Apinae,Meliponini,Melipona,Melipona marginata carioca,,177,,,Piper aduncum,Piperaceae,,Verde,,Actinomorfa,,Não,Pólen,,
13/12/24,11:40,Primavera,Sol/nuvens,PNMSM (SEDE),Halictinae,Augochlorini,Augochloropsis,Augochloropsis sp.4,,178,,,Miconia dodecandra,Melastomataceae,,Branca,Amarela,Zigomorfa,,Não,Pólen,,
13/12/24,11:40,Primavera,Sol/nuvens,PNMSM (SEDE),Halictinae,Augochlorini,Augochloropsis,Augochloropsis sp.4,,179,,,Miconia dodecandra,Melastomataceae,,Branca,Amarela,Zigomorfa,,Não,Pólen,,
16/12/24,09:10,Primavera,Nublado,Trilha torre/lagoa azul (PEM),Apinae,Meliponini,Scaptotrigona,Scaptotrigona postica,,180,,,,,Ninho,,,,,,,,
16/12/24,09:10,Primavera,Nublado,Trilha torre/lagoa azul (PEM),Apinae,Meliponini,Scaptotrigona,Scaptotrigona postica,,181,,,,,Ninho,,,,,,,,
16/12/24,09:58,Primavera,Nublado,Trilha torre/lagoa azul (PEM),Apinae,Tapinotaspidini,Paratetrapedia,Paratetrapedia sp.3,,182,,,Psychotria leiocarpa,Rubiaceae,,Branca,Amarela,Actinomorfa,,,Néctar,,
16/12/24,10:00,Primavera,Nublado,Trilha torre/lagoa azul (PEM),Apinae,Osirini,Protosiris,Protosiris sp.1,,183,,,Psychotria leiocarpa,Rubiaceae,,Branca,Amarela,Actinomorfa,,,Néctar,,
16/12/24,14:29,Primavera,Nublado,Trilha torre/lagoa azul (PEM),Apinae,Osirini,Protosiris,Protosiris sp.1,,184,,,Psychotria leiocarpa,Rubiaceae,,Branca,Amarela,Actinomorfa,,,Néctar,,
07/01/25,08:38,Verão,Sol,Estrada da Torre (PEM),Apinae,Tetrapediini,Tetrapedia,Tetrapedia curvitarsis cf.,,185,,,Croton triqueter,Euphorbiaceae,,Branca,,Actinomorfa,,Não,Néctar,,
07/01/25,08:38,Verão,Sol,Estrada da Torre (PEM),Apinae,Tetrapediini,Tetrapedia,Tetrapedia curvitarsis cf.,,186,,,Croton triqueter,Euphorbiaceae,,Branca,,Actinomorfa,,Não,Néctar,,
07/01/25,08:44,Verão,Sol,Estrada da Torre (PEM),Apinae,Bombini,Bombus,Bombus brasiliensis,,187,,,Croton triqueter,Euphorbiaceae,,Branca,,Actinomorfa,,Não,Néctar,,
07/01/25,11:10,Verão,Sol,Estrada da Torre (PEM),Megachilinae,Anthidiini,**,Anthidiini sp.2,,188,,,Croton triqueter,Euphorbiaceae,,Branca,,Actinomorfa,,Não,Néctar,,
07/01/25,11:10,Verão,Sol,Estrada da Torre (PEM),Megachilinae,Anthidiini,**,Anthidiini sp.2,,189,,,Croton triqueter,Euphorbiaceae,,Branca,,Actinomorfa,,Não,Néctar,,
07/01/25,11:10,Verão,Sol,Estrada da Torre (PEM),Halictinae,Augochlorini,Augochloropsis,Augochloropsis sp.4,,190,,,Croton triqueter,Euphorbiaceae,,Branca,,Actinomorfa,,Não,Néctar,,
07/01/25,11:10,Verão,Sol,Estrada da Torre (PEM),Apinae,Meliponini,Melipona,Melipona marginata carioca,,191,,,Croton triqueter,Euphorbiaceae,,Branca,,Actinomorfa,,Não,Néctar,,
07/01/25,11:17,Verão,Sol,Estrada da Torre (PEM),Halictinae,Augochlorini,Augochlora,Augochlora sp.8,,192,,,Croton triqueter,Euphorbiaceae,,Branca,,Actinomorfa,,Não,Néctar,,
07/01/25,11:17,Verão,Sol,Estrada da Torre (PEM),Apinae,Meliponini,Melipona,Melipona marginata carioca,,193,,,Croton triqueter,Euphorbiaceae,,Branca,,Actinomorfa,,Não,Néctar,,
07/01/25,11:17,Verão,Sol,Estrada da Torre (PEM),Apinae,Meliponini,Plebeia,Plebeia remota,,194,,,Croton triqueter,Euphorbiaceae,,Branca,,Actinomorfa,,Não,Pólen,,
07/01/25,11:42,Verão,Sol,Estrada da Torre (PEM),Apinae,Meliponini,Nannotrigona,Nannotrigona testaceicornis,,195,,,Croton triqueter,Euphorbiaceae,,Branca,,Actinomorfa,,Não,Néctar,,
07/01/25,11:42,Verão,Sol,Estrada da Torre (PEM),Megachilinae,Megachilini,Megachile,Megachile sp.3,,196,,,Croton triqueter,Euphorbiaceae,,Branca,,Actinomorfa,,Não,Néctar,,
07/01/25,12:21,Verão,Sol,Estrada da Torre (PEM),Apinae,Apini,Apis,Apis mellifera,,197,,,Croton triqueter,Euphorbiaceae,,Branca,,Actinomorfa,,Não,Néctar,,
07/01/25,12:21,Verão,Sol,Estrada da Torre (PEM),Halictinae,Augochlorini,Augochlorella,Augochlorella sp.1,,198,,,Croton triqueter,Euphorbiaceae,,Branca,,Actinomorfa,,Não,Néctar,,
07/01/25,12:21,Verão,Sol,Estrada da Torre (PEM),Apinae,Exomalopsini,Exomalopsis,Exomalopsis sp.2,,199,,,Croton triqueter,Euphorbiaceae,,Branca,,Actinomorfa,,Não,Néctar,,
07/01/25,14:24,Verão,Sol,Estrada da Torre (PEM),Megachilinae,Megachilini,Megachile,Megachile sp.6,,200,,,Croton triqueter,Euphorbiaceae,,Branca,,Actinomorfa,,Não,Néctar,,
07/01/25,09:56,Verão,Sol,Estrada da Torre (PEM),Halictinae,Augochlorini,Augochlora,Augochlora sp.3,,201,,,,,Isca de Eucaliptol,,,,,Sim,Aroma,,
07/01/25,10:00,Verão,Sol,Estrada da Torre (PEM),Apinae,Osirini,Protosiris,Protosiris sp.2,,202,,,,Verbenaceae,Folha de Starchytapheta,,,,,Não,Pólen,,
07/01/25,10:06,Verão,Sol,Estrada da Torre (PEM),Halictinae,Augochlorini,Ariphanarthra,Ariphanarthra palpalis,,203,,,Saranthe eichileri,Marantaceae,,Branca,Amarela,Assimétrica,,Não,Néctar,,
07/01/25,10:30,Verão,Sol,Estrada da Torre (PEM),Apinae,Epicharitini,Epicharis,Epicharis sp.1 ,,204,,,Manettia mitis,Rubiaceae,,Rosa,Branca,Actinomorfa,,Não,Néctar,,
07/01/25,10:54,Verão,Sol,Estrada da Torre (PEM),Apinae,Meliponini,Melipona,Melipona quadrifasciata anthidioides,,205,,,,,Chão,,,,,,Barro,,
07/01/25,10:42,Verão,Sol,Estrada da Torre (PEM),Apinae,Tapinotaspidini,Paratetrapedia,Paratetrapedia sp.2,,206,,,Solanum hexandrum,Solanaceae,,Lilás,Amarela,Actinomorfa,,Não,Pólen,,
07/01/25,13:09,Verão,Sol,Estrada da Torre (PEM),Apinae,Eucerini,Trichocerapis,Trichocerapis mirabilis,,207,,,Saranthe eichileri,Marantaceae,,Branca,Amarela,Assimétrica,,,Néctar,,
24/01/25,11:15,Verão,Sol,Rio da Lagoa Azul,Apinae,Euglossini,Eulaema,Eulaema nigrita,,208,,,,,Tronco em decomposição,,,,,,,,
12/01/25,10:17,Verão,Sol,R. Caminho da Serra,Apinae,Euglossini,Euglossa,Euglossa sp.,,209,,,Dichorisandra thyrsiflora,Commelinaceae,,Lilás,Branca,Zigomorfa,,Não,Pólen,sim,
12/01/25,10:17,Verão,Sol,R. Caminho da Serra,Apinae,Meliponini,Trigona,Trigona sp.2,,210,,,Dichorisandra thyrsiflora,Commelinaceae,,Lilás,Branca,Zigomorfa,,Não,Pólen,,
21/06/24,10:26,Inverno,Sol,Estrada da Torre (PEM),Apinae,Meliponini,Tetragonisca,Tetragonisca angustula,,211,,,Begonia huegelii,Begoniaceae,,Branca,Amarela,Actinomorfa,,Não,Pólen,,
12/04/25,10:00,Outono,Sol,R. Caminho da Serra,Halictinae,Augochlorini,Pseudaugochlora,Pseudaugochlora sp.2,,212,,,Dichorisandra thyrsiflora,Commelinaceae,,Lilás,Branca,Zigomorfa,,Não,Pólen,sim,
12/04/25,10:00,Outono,Sol,R. Caminho da Serra,Halictinae,Augochlorini,Pseudaugochlora,Pseudaugochlora sp.2,,213,,,Dichorisandra thyrsiflora,Commelinaceae,,Lilás,Branca,Zigomorfa,,Não,Pólen,,
02/05/25,09:15,Outono,Sol,Estrada da Torre (PEM),Halictinae,Augochlorini,Augochlora,Augochlora sp.5,,214,,,Sphagneticola trilobata,Asteraceae,,Amarela,,Actinomorfa,,Não,Néctar,,
02/05/25,11:00,Outono,Sol,Estrada da Torre (PEM),Halictinae,Augochlorini,Augochlora,Augochlora sp.5,,215,,,Sphagneticola Trilobata,Asteraceae,,Amarela,,Actinomorfa,,Não,Néctar,,
20/05/25,08:40,Outono,Sol,Trilha para Itapiranga (Pedra da Contenda),Apinae,Meliponini,Plebeia,Plebeia droryana,,216,,,Adenocalymma sp.,Bignoniaceae,,Amarela,,Zigomorfa,,Não,Néctar,,
20/05/25,07:32,Outono,,Trilha para Itapiranga (Pedra da Contenda),Apinae,Meliponini,Melipona,Melipona bicolor,,217,,,Eugenia sp. nv.,Myrtaceae,,Branca,,Actinomorfa,,Sim,Pólen,,
03/06/25,,Outono,,Rampa de Vôo (PNMNI),Apinae,Meliponini,Scaptotrigona,Scaptotrigona postica,,218,,,Myrtaceae rampa de voo,Myrtaceae,,Branca,,Actinomorfa,,Sim,Pólen,,
03/06/25,,Outono,Sol,"""Céu aberto""",Apinae,Meliponini,Nannotrigona,Nannotrigona testaceicornis,,219,,,Croton sp.,Euphorbiaceae,,Branca,,Actinomorfa,,Não,Néctar,,
03/06/25,09:00,Outono,,Rampa de Vôo (PNMNI),Apinae,Meliponini,Partamona,Partamona sp.,,220,,,Sapindaceae sp.,Sapindaceae,,Branca,,Actinomorfa,,Não,,,
03/06/25,08:12,Outono,,Rampa de Vôo (PNMNI),Apinae,Meliponini,Schwarziana,Schwarziana quadripunctata,,221,,,,,Araceae do stive,,,,,Sim,Exsudato,,
03/06/25,,Outono,Sol,"""Céu aberto""",Halictinae,Augochlorini,Augochlorodes,Augochlorodes sp.,,222,,,Croton sp.,Euphorbiaceae,,Branca,,Actinomorfa,,Não,Néctar,,
03/06/25,,Outono,Sol,"""Céu aberto""",Megachilinae,Anthidiini,**,Anthidiini sp.2,,223,,,Croton sp.,Euphorbiaceae,,Branca,,Actinomorfa,,Não,Néctar,,
03/06/25,,Outono,Sol,"""Céu aberto""",Megachilinae,Anthidiini,**,Anthidiini sp.2,,224,,,Croton sp.,Euphorbiaceae,,Branca,,Actinomorfa,,Não,Néctar,,
07/06/25,07:48,Inverno,Nublado,Estrada da Torre (PEM),Apinae,Bombini,Bombus,Bombus morio,,225,,,Tithonia diversifolia,Asteraceae,,Amarela,,Actinomorfa,,Não,Néctar e Pólen,,
27/06/25,11:03,Inverno,Sol,Mirante da Torre,Apinae,Meliponini,Nannotrigona,Nannotrigona testaceicornis,,226,,,Mikania sp.,Asteraceae,,Branca,,Actinomorfa,,Sim,Néctar,,
27/06/25,11:05,Inverno,Sol,Mirante da Torre,Apinae,Meliponini,Schwarziana,Schwarziana quadripunctata,,227,,,Mikania sp.,Asteraceae,,Branca,,Actinomorfa,,Sim,Néctar,,muitos diptera
11/07/25,09:30,Inverno,,R. Caminho da Serra,Apinae,Epicharitini,Epicharis,Epicharis sp.2,,228,,,Bauhinia variegata,Fabaceae,,Rosa,,Zigomorfa,,,Néctar,,
11/07/25,09:30,Inverno,,R. Caminho da Serra,Apinae,Meliponini,Tetragona,Tetragona clavipes,,229,,,Bauhinia variegata,Fabaceae,,Rosa,,Zigomorfa,,,Néctar,,
1/10/25,11:07,Primavera,,Cano para a Janela do céu,Apinae,Meliponini,Melipona,Melipona mondury,,230,,,,,Morta,,,,,,,,
11/11/25,09:07,Primavera,,Poço das cobras,Apinae,Meliponini,Trigona,Trigona spinipes,,231,,,Erythroxylum sp.,Erythroxylaceae,,Branca,,Actinomorfa,,Não,Néctar,,
11/11/25,09:07,Primavera,,Poço das cobras,Halictinae,Augochlorini,Augochloropsis,Augochloropsis sp.8,,232,,,Erythroxylum sp.,Erythroxylaceae,,Branca,,Actinomorfa,,Não,Néctar,,
11/11/25,09:07,Primavera,,Poço das cobras,Apinae,Apini,Apis,Apis mellifera,,233,,,Erythroxylum sp.,Erythroxylaceae,,Branca,,Actinomorfa,,Não,Néctar,,
11/11/25,09:07,Primavera,,Poço das cobras,Halictinae,Augochlorini,Augochlora,Augochlora sp.6,,234,,,Erythroxylum sp.,Erythroxylaceae,,Branca,,Actinomorfa,,Não,Néctar,,
11/11/25,09:07,Primavera,,Poço das cobras,Apinae,Meliponini,Plebeia,Plebeia droryana,,235,,,Erythroxylum sp.,Erythroxylaceae,,Branca,,Actinomorfa,,Não,Néctar,,
11/11/25,09:07,Primavera,,Poço das cobras,Halictinae,Augochlorini,Augochlora,Augochlora sp.4,,236,,,Erythroxylum sp.,Erythroxylaceae,,Branca,,Actinomorfa,,Não,Néctar,,
11/11/25,09:07,Primavera,,Poço das cobras,Halictinae,Augochlorini,Augochlora,Augochlora sp.6,,237,,,Erythroxylum sp.,Erythroxylaceae,,Branca,,Actinomorfa,,Não,Néctar,,
11/11/25,09:30,Primavera,,Poço das cobras,Apinae,Meliponini,Melipona,Melipona bicolor,,238,,,Mimosoideae sp.,Fabaceae,,Creme,,,,,Néctar,,
20/11/25,07:40,Primavera,,Rampa de vôo,Apinae,Meliponini,Melipona,Melipona quadrifasciata anthidioides,,239,,,Miconia sp.,Melastomataceae,,Branca,,Actinomorfa,,Sim,Pólen,,
20/11/25,07:40,Primavera,,Rampa de vôo,Apinae,Meliponini,Melipona,Melipona bicolor,,240,,,Miconia sp.,Melastomataceae,,Branca,,Actinomorfa,,Sim,Pólen,,
20/11/25,07:40,Primavera,,Rampa de vôo,Apinae,Meliponini,Schwarziana,Schwarziana quadripunctata,,241,,,Miconia sp.,Melastomataceae,,Branca,,Actinomorfa,,Sim,Pólen,,
20/11/25,10:00,Primavera,,Céu aberto chão oco,Apinae,Meliponini,Trigona,Trigona spinipes,,242,,,Passiflora cf. mediterranea,Passifloraceae,,Branca,Rosa,Actinomorfa,,Não,Pólen,,
20/11/25,10:00,Primavera,,Céu aberto chão oco,Halictinae,Augochlorini,Neocorynurella,Neocorynurella sp.,,243,,,Passiflora cf. mediterranea,Passifloraceae,,Branca,Rosa,Actinomorfa,,Não,Néctar,,
20/11/25,10:00,Primavera,,Céu aberto chão oco,Apinae,Ceratinini,Ceratina,Ceratina (ceratinula) sp.2,,244,,,Passiflora cf. mediterranea,Passifloraceae,,Branca,Rosa,Actinomorfa,,Não,Néctar,,
12/12/25,07:14,Primavera,Nublado,Estrada da Torre (PEM),Apinae,Xylocopini,Xylocopa,Xylocopa sp.3,,245,,,Solanum sp.1,Solanaceae,,Branca,Amarela,,,Não,Pólen,,
12/12/25,07:19,Primavera,Nublado,Estrada da Torre (PEM),Apinae,Euglossini,Eufriesea,Eufriesea violacea,,246,,,Solanum sp.1,Solanaceae,,Branca,Amarela,,,Não,Pólen,,
12/12/25,07:21,Primavera,Nublado,Estrada da Torre (PEM),Halictinae,Augochlorini,Augochlora,Augochlora sp.4,,247,,,Solanum sp.1,Solanaceae,,Branca,Amarela,,,Não,Pólen,,
12/12/25,07:40,Primavera,Nublado,Estrada da Torre (PEM),Megachilinae,Megachilini,Megachile,Megachile sp. 7,,248,,,Sphagneticola trilobata,Asteraceae,,Amarela,,,,Não,Pólen,,
12/12/25,07:40,Primavera,Nublado,Estrada da Torre (PEM),Megachilinae,Megachilini,Megachile,Megachile sp. 7,,249,,,Sphagneticola trilobata,Asteraceae,,Amarela,,,,Não,Pólen,,
12/12/25,07:54,Primavera,Nublado,Estrada da Torre (PEM),Halictinae,Augochlorini,Augochlora,Augochlora sp.9,,250,,,Solanum hexandrum,Solanaceae,,Lilás,Amarelo,,,Não,Pólen,,
12/12/25,08:33,Primavera,Nublado,Estrada da Torre (PEM),Halictinae,Augochlorini,Augochlora,Augochlora sp.4,,251,,,Solanum sp.2,Solanaceae,,Branca,lilás/verde,,,Não,Pólen,,
12/12/25,10:37,Primavera,Nublado,Estrada da Torre (PEM),Apinae,Tapinotaspidini,Paratetrapedia,Paratetrapedia sp.1,F,252,,,Solanum hexandrum,Solanaceae,,,,,,Não,Pólen,,
12/12/25,11:42,Primavera,Nublado,Estrada da Torre (PEM),Halictinae,Augochlorini,Augochlora,Augochlora sp.7,,253,,,Sphagneticola trilobata,Asteraceae,,,,,,Não,Pólen,,
12/12/25,11:02,Primavera,Nublado,Estrada da Torre (PEM),Andreninae,Protandrenini,Rhophitulus,Rhophitulus sp.1,,254,,,Solanum sp.2,Solanaceae,,Branca,lilás/verde,,,Não,Pólen,,
12/12/25,11:05,Primavera,Nublado,Estrada da Torre (PEM),Andreninae,Protandrenini,Rhophitulus,Rhophitulus sp.2,,255,,,Solanum sp.2,Solanaceae,,Branca,lilás/verde,,,Não,Pólen,,
12/12/25,13:00,Primavera,Nublado,Estrada da Torre (PEM),Andreninae,Protandrenini,Rhophitulus,Rhophitulus sp.1,,256,,,Solanum sp.2,Solanaceae,,Branca,lilás/verde,,,Não,Pólen,,
12/12/25,13:00,Primavera,Nublado,Estrada da Torre (PEM),Apinae,Meliponini,Plebeia,Plebeia droryana,,257,,,Solanum sp.2,Solanaceae,,Branca,lilás/verde,,,Não,Pólen,,
12/12/25,13:00,Primavera,Nublado,Estrada da Torre (PEM),Apinae,Ceratinini,Ceratina,Ceratina sp.4,,258,,,Croton triqueter,Euphorbiaceae,,Branca,,Actinomorfa,,Não,Néctar,,
12/12/25,13:00,Primavera,Nublado,Estrada da Torre (PEM),Megachilinae,Megachilini,Megachile,Megachile sp. 8,,259,,,Croton triqueter,Euphorbiaceae,,Branca,,Actinomorfa,,Não,Néctar,,
12/12/25,13:00,Primavera,Nublado,Estrada da Torre (PEM),Megachilinae,Anthidiini,**,Anthidiini sp.2,,260,,,Croton triqueter,Euphorbiaceae,,Branca,,Actinomorfa,,Não,Néctar,,
15/12/25,,Primavera,,Mesquita,Halictinae,Augochlorini,Megommation,Megommation insigne,,261,,,Begonia concinna,Begoniaceae,,,,Actinomorfa,,Não,Pólen,,
15/12/25,,Primavera,,Mesquita,Apinae,Meliponini,Partamona,Partamona sp.,,262,,,,,,,,,,,,,
12/2/25,10:30,Verão,Sol,Cachoeira do Mendanha,Apinae,Tapinotaspidini,Monoeca,Monoeca sp.,M,264,,,,,Descendo a cachoeira,,,,,,,,
12/2/26,,Verão,Nublado,Estrada da Torre (PEM),Halictinae,Augochlorini,Augochlora,Augochlora sp.4,,265,,,Sphagneticola trilobata,Asteraceae,,Amarela,,,,Não,Pólen,,
12/2/26,,Verão,Nublado,Estrada da Torre (PEM),Halictinae,Augochlorini,Augochlora,Augochlora sp.10,,266,,,Sphagneticola trilobata,Asteraceae,,Amarela,,,,Não,Pólen,,
12/2/26,,Verão,Nublado,Estrada da Torre (PEM),Halictinae,Augochlorini,Augochlora,Augochlora sp.4,,267,,,Sphagneticola trilobata,Asteraceae,,Amarela,,,,Não,Pólen,,
12/2/26,,Verão,Nublado,Estrada da Torre (PEM),Halictinae,Augochlorini,Augochlora,Augochlora sp.4,,268,,,Sphagneticola trilobata,Asteraceae,,Amarela,,,,Não,Pólen,,
12/2/26,,Verão,Nublado,Estrada da Torre (PEM),Halictinae,Augochlorini,Augochlora,Augochlora sp.4,,269,,,Sphagneticola trilobata,Asteraceae,,Amarela,,,,Não,Pólen,,
12/2/26,,Verão,Nublado,Estrada da Torre (PEM),Halictinae,Augochlorini,Augochlora,Augochlora sp.4,,270,,,Manetia mittis,Rubiaceae,,Rosa,Branca,Actinomorfa,,Não,Néctar,,
12/2/26,,Verão,Nublado,Estrada da Torre (PEM),Apinae,Meliponini,Trigona,Trigona sp.2,,271,,,Manetia mittis,Rubiaceae,,Rosa,Branca,Actinomorfa,,Não,Néctar,,
12/2/26,,Verão,Nublado,Estrada da Torre (PEM),Apinae,Meliponini,Trigona,Trigona sp.2,,272,,,Manetia mittis,Rubiaceae,,Rosa,Branca,Actinomorfa,,Não,Néctar,,
12/2/26,,Verão,Nublado,Estrada da Torre (PEM),Apinae,Ceratinini,Ceratina,Ceratina (ceratinula) sp.2,,273,,,Acmella ciliata,Asteraceae,,Amarela,,Actinomorfa,,Não,Néctar,,
12/2/26,,Verão,Nublado,Estrada da Torre (PEM),Apinae,Ceratinini,ceratina,Ceratina (ceratinula) sp.2,,274,,,Acmella ciliata,Asteraceae,,Amarela,,Actinomorfa,,Não,Néctar,,
15/02/26,,Verão,Nublado,Estrada da Torre (PEM),Apinae,Eucerini,Trichocerapis,Trichocerapis mirabilis,,275,,,Solanum hexandrum,Solanaceae,,Lilás,Amarela,,,Não,Pólen,,
15/02/26,,Verão,Nublado,Estrada da Torre (PEM),Apinae,Tapinotaspidini,Paratetrapedia,Paratetrapedia sp.1,F,276,,,Manetia mittis,Rubiaceae,,rosa,Branco,Actinomorfa,,Não,Néctar,,Phaetornis sp.
15/02/26,,Verão,Nublado,Estrada da Torre (PEM),Halictinae,Augochlorini,Augochloropsis,Augochloropsis sp.2,,277,,,Carpotroche brasiliensis,Achariaceae,,Branca,Amarela,Actinomorfa,,Sim,Pólen,,
15/02/26,,Verão,Nublado,Estrada da Torre (PEM),Halictinae,Augochlorini,Augochloropsis,Augochloropsis sp.9,,278,,,Carpotroche brasiliensis,Achariaceae,,Branca,Amarela,Actinomorfa,,Sim,Pólen,,
15/02/26,,Verão,Nublado,Estrada da Torre (PEM),Halictinae,Augochlorini,Megachile,Megachile sp.2,,279,,,,,barro,,,,,,,,
15/02/26,,Verão,Nublado,Estrada da Torre (PEM),Halictinae,Augochlorini,Augochlorella,Augochlorella sp.1,,280,,,Piper aduncum,Piperaceae,,Verde,,,,,Pólen,,
15/02/26,,Verão,Nublado,Estrada da Torre (PEM),Apinae,Ceratinini,Ceratina,Ceratina (ceratinula) sp.2,,281,,,Piper aduncum,Piperaceae,,Verde,,,,,Pólen,,
05/03/26,,Verão,Sol,Estrada da Torre (PEM),Apinae,Meliponini,Melipona,Melipona bicolor,,282,,,Croton triqueter,Euphorbiaceae,,Branca,,Actinomorfa,,Não,Néctar,,
05/03/26,,Verão,Sol,Estrada da Torre (PEM),Apinae,Tapinotaspidini,Paratetrapedia,Paratetrapedia sp.1,,283,,,Solanum sp.1,Solanaceae,,Branca,Amarela,,,,Pólen,,
05/03/26,,Verão,Sol,Estrada da Torre (PEM),Apinae,Bombini,Bombus,Bombus morio,,284,,,Solanum sp.1,Solanaceae,,Branca,Amarela,,,,Pólen,,
05/03/26,,Verão,Sol,Estrada da Torre (PEM),Apinae,Exomalopsini,Exomalopsis,Exomalopsis sp.3,,285,,,Carpotroche brasiliensis,Achariaceae,,Branca,Amarela,Actinomorfa,,Sim,Pólen,,
05/03/26,,Verão,Sol,Estrada da Torre (PEM),Halictinae,Augochlorini,Ariphanarthra,Ariphanarthra palpalis,,286,,,Solanum hexandrum,Solanaceae,,Lilás,Amarela,,,,Pólen,,
07/01/25,12:21,Verão,Sol,Estrada da Torre (PEM),Apinae,Apini,Apis,Apis mellifera,,-,,,Croton triqueter,Euphorbiaceae,,Branca,,Actinomorfa,,Não,Néctar,,
16/12/24,09:33,Primavera,Nublado,Trilha torre/lagoa azul (PEM),Apinae,Meliponini,Tetragonisca,Tetragonisca angustula,,-,,,Malpighiaceae sp.1,Malpighiaceae,,Amarela,,Actinomorfa,,Não,,,
27/06/25,10:23,Inverno,Sol,Estrada da Torre (PEM),Apinae,Euglossini,Eulaema,Eulaema cingulata,,Avistamento,,,Allamanda sp.,Apocynaceae,,Amarela,Ocre,Actinomorfa,Sim,,Néctar,,
12/12/25,09:15,Primavera,Nublado,Estrada da Torre (PEM),Apinae,Tapinotaspidini,Trigonopedia,Trigonopedia ferruginea,,Avistamento,,,Begonia concinna,Begoniaceae,,Branca,Amarela,Actinomorfa,,Não,Pólen,,
12/12/25,09:26,Primavera,Nublado,Estrada da Torre (PEM),Apinae,Tapinotaspidini,Trigonopedia,Trigonopedia ferruginea,,Avistamento,,,Begonia concinna,Begoniaceae,,Branca,Amarela,Actinomorfa,,Não,Pólen,,
20/05/25,08:40,Outono,Sol,Trilha para Itapiranga (Pedra da Contenda),Apinae,Euglossini,Euglossa,Euglossa sp.,,Avistamento,,,Adenocalymma sp.,Bignoniaceae,,Amarela,,Zigomorfa,,Não,Néctar,,
12/12/25,07:36,Primavera,Nublado,Estrada da Torre (PEM),Apinae,Meliponini,Melipona,Melipona marginata carioca,,Avistamento,,,Croton triqueter,Euphorbiaceae,,Branca,,Actinomorfa,,Não,Néctar,,
13/12/24,08:35,Primavera,Sol/nuvens,PNMSM (SEDE),Apinae,Xylocopini,Xylocopa,Xylocopa frontalis,,Avistamento,,,Miconia dodecandra,Melastomataceae,,Branca,Amarela,Zigomorfa,,Não,Pólen,,
16/12/24,14:29,Primavera,Nublado,Trilha torre/lagoa azul (PEM),Apinae,Tapinotaspidini,Trigonopedia,Trigonopedia ferruginea,,Avistamento,,,Psychotria leiocarpa,Rubiaceae,,Branca,Amarela,Actinomorfa,,,Néctar,,
12/12/25,12:00,Primavera,Nublado,Estrada da Torre (PEM),Apinae,Euglossini,Eufriesea,Eufriesea violacea,,Avistamento,,,Solanum hexandrum,Solanaceae,,Lilás,,,,Não,Pólen,,
25/01/24,10:37,Verão,Sol/nuvens,Trilha cachoeira (PEM),Apinae,Meliponini,Melipona,Melipona mondury,,Avistamento,C3,,,,Chão,,,,,,Barro,,
16/12/22,9:07,Primavera,Sol,PNMSM (SEDE),Apinae,Meliponini,Plebeia,Plebeia droryana,,Foi p matheus,A1,,Maranta cristata,Marantaceae,,Branca,Lilás,Assimétrica,,Não,Pólen,Sim,
16/12/22,9:40,Primavera,Sol/nuvens,PNMSM (SEDE),Apinae,Eucerini,Trichocerapis,Trichocerapis mirabilis,,Foi p matheus,A2,,Saranthe sp.,Marantaceae,,Branca,Amarela,Assimétrica,,Não,Néctar,Sim,
10/02/23,10:08,Verão,Sol,PNMSM (SEDE),Apinae,Meliponini,Plebeia,Plebeia droryana,,Perdido,A6,,Saranthe sp.,Marantaceae,,Branca,Amarela,Assimétrica,,Não,Néctar,Não,"Phaetornis, Vespa, lepidopteros"
02/02/24,10:47,Outono,Sol,PNMSM (SEDE),Apinae,Osirini,Osiris,Osiris variegatus,,Soltei,A14,,Maranta leuconeura,Marantaceae,,Branca,Lilás,Assimétrica,,Não,Néctar,Sim,lepidopteros philopotas e stylogasters
05/03/26,,,,Estrada da Torre (PEM),Apinae,Meliponini,Tetragona,Tetragona clavipes,,,,,Croton triqueter,Euphorbiaceae,,,,Actinomorfa,,Não,Néctar,,
,,,,,Apinae,Euglossini,Exaerete,Exaerete sp.,,,,,Catasetum sp.,Orchidaceae,,,,Zigomorfa,,Sim,,,
,,,,,,,,,,,,,,,,,,,,,,,
,,,,,,,,Apis mellifera,,,,,Serjania caracasana,,,,,,,,,,